sha256,sku,new_filename,original_filename,added_on
f6bf88226e529d508dd0a0cdfe706e1b2b0b0393e96082a8475ace3e2808b640,LAT-OFG,LAT-OFG-01-f6bf8822.jpg,WhatsApp Image 2026-06-29 at 11.06.45 AM (1).jpeg,2026-06-29
d60c7463eed61efbca0b12e96e1e7767ba2ec803f29398cf4df51ae0f6c203ef,LAT-OFG,LAT-OFG-02-d60c7463.jpg,WhatsApp Image 2026-06-29 at 11.06.45 AM.jpeg,2026-06-29
94264a8be2c9709e850027e001a4bc462e5e997ee631083950fd056dc8e4fc8b,LAT-AME,LAT-AME-01-94264a8b.jpg,WhatsApp Image 2026-06-29 at 11.06.46 AM (1).jpeg,2026-06-29
838daeb61af3beb38ad32e34c96c9268149c46803c3a68ce11ed858ffa4b6a93,LAT-AME,LAT-AME-02-838daeb6.jpg,WhatsApp Image 2026-06-29 at 11.06.46 AM (2).jpeg,2026-06-29
c890dcb0e18e9fe2e6f9c2256beb3080c88d23541919d6235753bdade23ff9c2,LAT-OFG,LAT-OFG-03-c890dcb0.jpg,WhatsApp Image 2026-06-29 at 11.06.46 AM.jpeg,2026-06-29
93ef8fdc089a4299abad2df32f5e0ada0f844d15113d9d34aa21bda17b7786e9,LAT-YAR,LAT-YAR-01-93ef8fdc.jpg,WhatsApp Image 2026-06-29 at 11.06.47 AM (1).jpeg,2026-06-29
a38d02e4acda05a5c478afc4cd0ade3d227320708b422ee49b1631a3b63c6b62,LAT-YAR,LAT-YAR-02-a38d02e4.jpg,WhatsApp Image 2026-06-29 at 11.06.47 AM (2).jpeg,2026-06-29
2fac974d68a5ddd9604daec1fd331dcdeecb3276c1e858747fb5aeb67169c2b4,LAT-YAR,LAT-YAR-03-2fac974d.jpg,WhatsApp Image 2026-06-29 at 11.06.47 AM (3).jpeg,2026-06-29
1d3ed372407209416b9231fd6c3593cbc57b4eaed110d2587fc8554a57319da4,LAT-YRT,LAT-YRT-01-1d3ed372.jpg,WhatsApp Image 2026-06-29 at 11.06.47 AM (4).jpeg,2026-06-29
90c7d48595781b6361b8ae3a5cf82959f7e487655fb8777f8d804bdeff6744ac,LAT-AME,LAT-AME-03-90c7d485.jpg,WhatsApp Image 2026-06-29 at 11.06.47 AM.jpeg,2026-06-29
859741f9a2973c33cd177c112327ef779d0dc2c029b12f8e1deedc5f5422aecf,LAT-YRT,LAT-YRT-02-859741f9.jpg,WhatsApp Image 2026-06-29 at 11.06.48 AM (1).jpeg,2026-06-29
6ed300c0c57f2589d394a7921b2fbe776979cc136d519367f392761eb49f3d30,MIL-GLE,MIL-GLE-01-6ed300c0.jpg,WhatsApp Image 2026-06-29 at 11.06.48 AM (2).jpeg,2026-06-29
0556ffb976ca42939f2dc844591bfabe7065f80bb88b04cd6d07d9e9339c8cc1,MIL-GLE,MIL-GLE-02-0556ffb9.jpg,WhatsApp Image 2026-06-29 at 11.06.48 AM (3).jpeg,2026-06-29
9b99c487ac5fefe5ee2d419c306f380c68148c25b2c599766942cb82ff51e211,LAT-YRT,LAT-YRT-03-9b99c487.jpg,WhatsApp Image 2026-06-29 at 11.06.48 AM.jpeg,2026-06-29
ae31eb03f2d0e5d8f31f9158287b6563789cdee14f3cb21673d7feea5f907f03,LAT-AJW,LAT-AJW-01-ae31eb03.jpg,WhatsApp Image 2026-06-29 at 11.06.49 AM (1).jpeg,2026-06-29
7fe9e799c1a71607be032c3b2c0fa0190f8eea57bc49bbe48149801337b2a9df,LAT-AJW,LAT-AJW-02-7fe9e799.jpg,WhatsApp Image 2026-06-29 at 11.06.49 AM (2).jpeg,2026-06-29
9bc0f19685e75d4c863c82992014fc044beaef11f8bf5078baa53bd2fd65159b,LAT-AJW,LAT-AJW-03-9bc0f196.jpg,WhatsApp Image 2026-06-29 at 11.06.49 AM (3).jpeg,2026-06-29
d4e56f5300adc05867a1f7c623f0f135006db4fa01b2def037b1617a9b55d0f8,MIL-GLE,MIL-GLE-03-d4e56f53.jpg,WhatsApp Image 2026-06-29 at 11.06.49 AM.jpeg,2026-06-29
4f3ef19312623d89a015dc02f4950e88f58c33485f5ebe254425ea0b07b60360,LAT-AJW,LAT-AJW-04-4f3ef193.jpg,WhatsApp Image 2026-06-29 at 11.06.50 AM (1).jpeg,2026-06-29
120ae6f23168dbbc8a423e7fd580453a9f2e77a55d68d1851b59b755daa1cbe5,LAT-AJW,LAT-AJW-05-120ae6f2.jpg,WhatsApp Image 2026-06-29 at 11.06.50 AM (2).jpeg,2026-06-29
3d1d1e43791aaeac8847afda796d63131f31edce939875b5764cac59dd5a0842,LAT-AJW,LAT-AJW-06-3d1d1e43.jpg,WhatsApp Image 2026-06-29 at 11.06.50 AM (3).jpeg,2026-06-29
9901efec764e6286e93c8b1779adf06d53bec3b1f3a41415a5a24fed28d2e78e,LAT-AJW,LAT-AJW-07-9901efec.jpg,WhatsApp Image 2026-06-29 at 11.06.50 AM.jpeg,2026-06-29
00a5e6e241949260124536ad678a14c61d2ff126c7ff1f974ecce3f15f594c69,LAT-FAK,LAT-FAK-01-00a5e6e2.jpg,WhatsApp Image 2026-06-29 at 11.06.51 AM (1).jpeg,2026-06-29
2aa16df357b60ae12e0f5dd30fce9bdc888d020a91163976b5a612c4282d0532,LAT-FAK,LAT-FAK-02-2aa16df3.jpg,WhatsApp Image 2026-06-29 at 11.06.51 AM (2).jpeg,2026-06-29
43516b0883c21b89256d388da01a70ab350618d6be8471c67e66c87210cc7970,LAT-HNG,LAT-HNG-01-43516b08.jpg,WhatsApp Image 2026-06-29 at 11.06.51 AM (3).jpeg,2026-06-29
3a0da01fe336243f74111774c8e7840b2bb12ff05cf94a4c71f8524be2d33c2b,LAT-HNG,LAT-HNG-02-3a0da01f.jpg,WhatsApp Image 2026-06-29 at 11.06.51 AM (4).jpeg,2026-06-29
e32ad01a6b5bf8092a6c335d339e931034b0d3a587855d933de922756f6b7507,LAT-FAK,LAT-FAK-03-e32ad01a.jpg,WhatsApp Image 2026-06-29 at 11.06.51 AM.jpeg,2026-06-29
